6,12,674,11
12,13,675,674
674,675,10,11
14,676,675,13
676,9,10,675
14,15,677,676
9,676,678,8
680,676,677,679
680,681,678,676
15,16,679,677
7,8,678,681
680,679,682,683
684,679,16,165
686,20,7,681
687,681,680,683
684,685,682,679
690,683,682,685
681,687,691,686
165,166,689,684
20,686,688,19
685,684,689,692
683,690,693,687
691,694,688,686
166,167,695,689
690,685,692,697
696,19,688,694
687,693,698,691
689,695,699,692
703,18,19,696
690,697,700,693
702,694,691,698
692,699,701,697
167,168,706,695
693,700,705,698
710,696,694,702
695,706,704,699
711,17,18,703
697,701,709,700
701,699,704,708
702,698,707,712
705,714,707,698
719,703,696,710
168,189,715,706
700,709,716,705
717,24,17,711
713,708,704,706
718,709,701,708
710,702,712,721
725,711,703,719
23,24,717,720
189,190,722,715
706,715,723,713
727,712,707,714
714,705,716,729
724,718,708,713
726,716,709,718
728,717,711,725
721,732,719,710
22,23,720,730
190,191,731,722
728,730,720,717
715,722,735,723
740,721,712,727
713,723,736,724
729,716,726,734
737,726,718,724
727,714,729,742
22,730,733,21
725,719,732,746
191,192,747,731
741,728,725,746
739,730,728,741
21,733,738,35
722,731,755,735
733,730,739,744
723,735,758,736
724,736,761,737
737,763,734,726
34,35,738,743
192,231,759,747
742,729,734,763
738,733,744,754
727,742,769,740
33,34,743,745
743,738,754,751
32,33,745,748
745,743,751,750
748,745,750,749
31,32,748,749
749,30,25,31
757,754,744,739
768,732,721,779
29,30,749,752
749,750,753,752
231,232,771,759
753,28,29,752
731,747,770,755
750,751,756,753
757,739,741,765
721,740,773,779
732,768,764,746
753,756,27,28
760,756,751,754
735,755,777,758
765,741,746,776
774,771,232,233
756,760,762,27
766,760,754,757
736,758,778,761
772,774,233,234
234,235,775,772
737,761,781,763
235,308,309,775
26,27,762,767
766,767,762,760
747,759,782,770
784,769,742,763
776,746,764,786
773,740,769,788
780,43,26,767
755,770,790,777
785,783,766,757
757,765,787,785
783,780,767,766
758,777,793,778
759,771,798,782
768,797,786,764
773,797,768,779
761,778,795,781
765,776,794,787
772,791,789,774
763,781,800,784
771,774,789,798
792,42,43,780
772,775,796,791
770,782,802,790
804,788,769,784
775,309,310,796
799,792,780,783
776,786,806,794
777,790,808,793
788,809,797,773
803,799,783,785
42,792,801,41
785,787,805,803
778,793,810,795
781,795,814,800
811,798,789,791
792,799,807,801
782,798,817,802
787,794,816,805
806,786,797,812
784,800,818,804
791,796,819,811
813,41,801,807
790,802,820,808
821,809,788,804
803,815,807,799
793,808,823,810
796,310,311,819
794,806,825,816
805,822,815,803
795,810,826,814
813,824,40,41
809,830,812,797
798,811,828,817
800,814,829,818
815,827,813,807
802,817,832,820
804,818,833,821
805,816,834,822
825,806,812,830
808,820,836,823
811,819,837,828
40,824,831,51
827,835,824,813
810,823,838,826
841,830,809,821
822,839,827,815
814,826,842,829
817,828,843,832
816,825,844,834
819,311,312,837
818,829,845,833
824,835,840,831
820,832,847,836
822,834,850,839
846,51,831,840
839,848,835,827
852,841,821,833
823,836,849,838
825,830,851,844
828,837,853,843
826,838,854,842
829,842,856,845
848,855,840,835
832,843,857,847
846,858,50,51
859,851,830,841
834,844,861,850
837,312,313,853
852,833,845,866
836,847,862,849
850,860,848,839
855,864,846,840
838,849,865,854
842,854,867,856
843,853,868,857
869,859,841,852
844,851,870,861
860,871,855,848
858,875,49,50
857,872,863,847
866,845,856,878
861,873,860,850
864,876,858,846
862,847,863,874
849,862,877,865
879,870,851,859
853,313,342,868
854,865,880,867
871,881,864,855
869,852,866,885
857,868,882,872
870,883,873,861
871,860,873,884
856,867,891,878
872,886,874,863
888,879,859,869
876,887,875,858
862,874,889,877
48,49,875,890
865,877,892,880
876,864,881,896
868,342,343,882
879,893,883,870
885,866,878,900
881,871,884,894
901,891,867,880
884,873,883,895
872,882,897,886
874,886,898,889
890,875,887,899
877,889,902,892
888,869,885,917
71,48,890,903
888,904,893,879
887,876,896,914
878,891,910,900
907,901,880,892
894,905,896,881
895,883,893,906
882,343,344,897
894,884,895,908
886,897,911,898
889,898,913,902
903,890,899,912
887,914,909,899
918,907,892,902
920,910,891,901
71,903,916,70
917,885,900,923
894,908,915,905
906,893,904,921
905,919,914,896
917,929,904,888
908,895,906,925
897,344,345,911
922,912,899,909
898,911,924,913
928,920,901,907
927,918,902,913
900,910,930,923
926,919,905,915
912,934,916,903
931,922,909,914
932,926,915,908
69,70,916,934
925,906,921,938
935,928,907,918
930,910,920,933
911,345,350,924
904,929,941,921
931,914,919,937
936,927,913,924
932,908,925,943
934,912,922,939
942,935,918,927
937,919,926,944
928,945,933,920
923,948,952,917
939,922,931,949
351,936,924,350
923,930,946,948
929,917,952,953
946,930,933,945
936,947,940,927
944,926,932,954
950,945,928,935
943,925,938,956
942,927,940,951
68,69,934,960
937,955,949,931
938,921,941,981
958,950,935,942
352,947,936,351
954,932,943,965
960,934,939,963
953,981,941,929
947,959,951,940
944,964,955,937
942,951,961,958
973,956,938,957
963,939,949,971
945,962,967,946
966,962,945,950
353,959,947,352
946,967,974,948
954,976,964,944
68,960,969,67
938,981,972,957
968,961,951,959
965,943,956,979
970,966,950,958
948,974,980,952
955,977,971,949
958,961,975,970
952,980,985,953
359,968,959,353
964,988,977,955
976,954,965,992
978,975,961,968
972,994,973,957
956,973,997,979
984,987,962,966
983,984,966,970
65,960,963,64
360,978,968,359
65,66,969,960
970,975,982,983
1000,967,962,987
66,107,67,969
64,963,971,63
985,1010,981,953
976,1004,988,964
990,991,975,978
360,361,986,978
991,996,982,975
1005,974,967,1000
992,965,979,1006
990,978,986,989
63,971,977,62
1008,994,972,981
361,362,989,986
999,983,982,996
989,362,363,993
990,989,993,995
993,363,398,246
999,1002,984,983
995,998,991,990
995,993,246,247
247,248,998,995
1011,980,974,1005
996,991,998,1001
994,1014,997,973
1002,1009,987,984
1001,998,248,249
999,996,1001,1003
1004,976,992,1012
62,977,988,176
1013,985,980,1011
1006,979,997,1014
1003,1001,249,250
999,1003,1007,1002
1015,1000,987,1009
981,1010,1017,1008
1003,250,256,1007
176,988,1004,175
1012,992,1006,1018
257,1002,1007,256
1013,1022,1010,985
1020,1005,1000,1015
1008,1021,1014,994
1009,1002,1016,1019
175,1004,1012,174
257,258,1016,1002
1023,1011,1005,1020
1014,1025,1018,1006
1009,1019,1024,1015
1021,1008,1017,1027
1022,1027,1017,1010
1026,1013,1011,1023
174,1012,1018,173
259,1019,1016,258
1015,1024,1029,1020
1026,1028,1022,1013
1021,1030,1025,1014
1019,259,260,1024
1025,200,173,1018
1020,1029,1032,1023
1028,1031,1027,1022
1027,1034,1030,1021
1023,1032,1036,1026
1024,260,261,1029
1030,199,200,1025
1026,1036,1033,1028
1031,1028,1033,1035
1031,1040,1034,1027
1029,261,262,1032
1034,1045,1038,1030
1035,1044,1039,1031
1041,1035,1033,1036
1042,1036,1032,1037
199,1030,1038,198
1040,1031,1039,1046
1032,262,1043,1037
1045,1034,1040,1050
1048,1041,1036,1042
1044,1035,1041,1049
1047,1042,1037,1043
1051,1046,1039,1044
197,198,1038,1045
1040,1046,1052,1050
263,1047,1043,262
1053,1048,1042,1047
1049,1041,1048,1054
1051,1044,1049,1055
1052,1046,1051,1056
197,1045,1050,245
264,1053,1047,263
1054,1048,1053,1057
1060,1050,1052,1056
1055,1049,1054,1059
1051,1055,1060,1056
245,1050,1058,244
1057,1053,264,265
1060,1062,1058,1050
1059,1054,1057,1061
1059,1063,1060,1055
1061,1057,265,266
243,244,1058,1062
1061,1064,1063,1059
1063,1065,1062,1060
1064,1061,266,267
243,1062,1065,242
1064,1066,1065,1063
1066,1064,267,268
242,1065,1066,241
241,1066,268,399
593,572,1067,598
572,573,1068,1067
1067,1068,597,598
574,1069,1068,573
1069,596,597,1068
574,575,1070,1069
596,1069,1071,595
1073,1069,1070,1072
1073,1074,1071,1069
575,576,1072,1070
594,595,1071,1074
1073,1072,1075,1076
1077,1072,576,494
1079,607,594,1074
1080,1074,1073,1076
1077,1078,1075,1072
1083,1076,1075,1078
1074,1080,1084,1079
494,495,1082,1077
607,1079,1081,606
1078,1077,1082,1085
1076,1083,1086,1080
1084,1087,1081,1079
495,496,1088,1082
1083,1078,1085,1090
1089,606,1081,1087
1080,1086,1091,1084
1082,1088,1092,1085
1096,605,606,1089
1083,1090,1093,1086
1095,1087,1084,1091
1085,1092,1094,1090
496,497,1099,1088
1086,1093,1098,1091
1103,1089,1087,1095
1088,1099,1097,1092
1104,604,605,1096
1090,1094,1102,1093
1094,1092,1097,1101
1095,1091,1100,1105
1098,1107,1100,1091
1112,1096,1089,1103
497,470,1108,1099
1093,1102,1109,1098
1110,611,604,1104
1106,1101,1097,1099
1111,1102,1094,1101
1103,1095,1105,1114
1118,1104,1096,1112
610,611,1110,1113
470,471,1115,1108
1099,1108,1116,1106
1120,1105,1100,1107
1107,1098,1109,1122
1117,1111,1101,1106
1119,1109,1102,1111
1121,1110,1104,1118
1114,1125,1112,1103
609,610,1113,1123
471,472,1124,1115
1121,1123,1113,1110
1108,1115,1128,1116
1133,1114,1105,1120
1106,1116,1129,1117
1122,1109,1119,1127
1130,1119,1111,1117
1120,1107,1122,1135
609,1123,1126,608
1118,1112,1125,1139
472,473,1140,1124
1134,1121,1118,1139
1132,1123,1121,1134
608,1126,1131,617
1115,1124,1148,1128
1126,1123,1132,1137
1116,1128,1151,1129
1117,1129,1154,1130
1130,1156,1127,1119
616,617,1131,1136
473,364,1152,1140
1135,1122,1127,1156
1131,1126,1137,1147
1120,1135,1162,1133
615,616,1136,1138
1136,1131,1147,1144
614,615,1138,1141
1138,1136,1144,1143
1141,1138,1143,1142
613,614,1141,1142
1142,581,612,613
1150,1147,1137,1132
1161,1125,1114,1172
580,581,1142,1145
1142,1143,1146,1145
364,365,1164,1152
1146,579,580,1145
1124,1140,1163,1148
1143,1144,1149,1146
1150,1132,1134,1158
1114,1133,1166,1172
1125,1161,1157,1139
1146,1149,578,579
1153,1149,1144,1147
1128,1148,1170,1151
1158,1134,1139,1169
1167,1164,365,366
1149,1153,1155,578
1159,1153,1147,1150
1129,1151,1171,1154
1165,1167,366,367
367,368,1168,1165
1130,1154,1174,1156
368,398,363,1168
577,578,1155,1160
1159,1160,1155,1153
1140,1152,1175,1163
1177,1162,1135,1156
1169,1139,1157,1179
1166,1133,1162,1181
1173,566,577,1160
1148,1163,1183,1170
1178,1176,1159,1150
1150,1158,1180,1178
1176,1173,1160,1159
1151,1170,1186,1171
1152,1164,1191,1175
1161,1190,1179,1157
1166,1190,1161,1172
1154,1171,1188,1174
1158,1169,1187,1180
1165,1184,1182,1167
1156,1174,1193,1177
1164,1167,1182,1191
1185,565,566,1173
1165,1168,1189,1184
1163,1175,1195,1183
1197,1181,1162,1177
1168,363,362,1189
1192,1185,1173,1176
1169,1179,1199,1187
1170,1183,1201,1186
1181,1202,1190,1166
1196,1192,1176,1178
565,1185,1194,564
1178,1180,1198,1196
1171,1186,1203,1188
1174,1188,1207,1193
1204,1191,1182,1184
1185,1192,1200,1194
1175,1191,1210,1195
1180,1187,1209,1198
1199,1179,1190,1205
1177,1193,1211,1197
1184,1189,1212,1204
1206,564,1194,1200
1183,1195,1213,1201
1214,1202,1181,1197
1196,1208,1200,1192
1186,1201,1216,1203
1189,362,361,1212
1187,1199,1218,1209
1198,1215,1208,1196
1188,1203,1219,1207
1206,1217,563,564
1202,1223,1205,1190
1191,1204,1221,1210
1193,1207,1222,1211
1208,1220,1206,1200
1195,1210,1225,1213
1197,1211,1226,1214
1198,1209,1227,1215
1218,1199,1205,1223
1201,1213,1229,1216
1204,1212,1230,1221
563,1217,1224,558
1220,1228,1217,1206
1203,1216,1231,1219
1234,1223,1202,1214
1215,1232,1220,1208
1207,1219,1235,1222
1210,1221,1236,1225
1209,1218,1237,1227
1212,361,360,1230
1211,1222,1238,1226
1217,1228,1233,1224
1213,1225,1240,1229
1215,1227,1243,1232
1239,558,1224,1233
1232,1241,1228,1220
1245,1234,1214,1226
1216,1229,1242,1231
1218,1223,1244,1237
1221,1230,1246,1236
1219,1231,1247,1235
1222,1235,1249,1238
1241,1248,1233,1228
1225,1236,1250,1240
1239,1251,557,558
1252,1244,1223,1234
1227,1237,1254,1243
1230,360,359,1246
1245,1226,1238,1259
1229,1240,1255,1242
1243,1253,1241,1232
1248,1257,1239,1233
1231,1242,1258,1247
1235,1247,1260,1249
1236,1246,1261,1250
1262,1252,1234,1245
1237,1244,1263,1254
1253,1264,1248,1241
1251,1268,556,557
1250,1265,1256,1240
1259,1238,1249,1271
1254,1266,1253,1243
1257,1269,1251,1239
1255,1240,1256,1267
1242,1255,1270,1258
1272,1263,1244,1252
1246,359,353,1261
1247,1258,1273,1260
1264,1274,1257,1248
1262,1245,1259,1278
1250,1261,1275,1265
1263,1276,1266,1254
1264,1253,1266,1277
1249,1260,1284,1271
1265,1279,1267,1256
1281,1272,1252,1262
1269,1280,1268,1251
1255,1267,1282,1270
555,556,1268,1283
1258,1270,1285,1273
1269,1257,1274,1289
1261,353,352,1275
1272,1286,1276,1263
1278,1259,1271,1293
1274,1264,1277,1287
1294,1284,1260,1273
1277,1266,1276,1288
1265,1275,1290,1279
1267,1279,1291,1282
1283,1268,1280,1292
1270,1282,1295,1285
1281,1262,1278,1310
550,555,1283,1296
1281,1297,1286,1272
1280,1269,1289,1307
1271,1284,1303,1293
1300,1294,1273,1285
1287,1298,1289,1274
1288,1276,1286,1299
1275,352,351,1290
1287,1277,1288,1301
1279,1290,1304,1291
1282,1291,1306,1295
1296,1283,1292,1305
1280,1307,1302,1292
1311,1300,1285,1295
1313,1303,1284,1294
550,1296,1309,549
1310,1278,1293,1316
1287,1301,1308,1298
1299,1286,1297,1314
1298,1312,1307,1289
1310,1322,1297,1281
1301,1288,1299,1318
1290,351,350,1304
1315,1305,1292,1302
1291,1304,1317,1306
1321,1313,1294,1300
1320,1311,1295,1306
1293,1303,1323,1316
1319,1312,1298,1308
1305,1327,1309,1296
1324,1315,1302,1307
1325,1319,1308,1301
548,549,1309,1327
1318,1299,1314,1331
1328,1321,1300,1311
1323,1303,1313,1326
1304,350,345,1317
1297,1322,1334,1314
1324,1307,1312,1330
1329,1320,1306,1317
1325,1301,1318,1336
1327,1305,1315,1332
1335,1328,1311,1320
1330,1312,1319,1337
1321,1338,1326,1313
1316,1341,1345,1310
1332,1315,1324,1342
344,1329,1317,345
1316,1323,1339,1341
1322,1310,1345,1346
1339,1323,1326,1338
1329,1340,1333,1320
1337,1319,1325,1347
1343,1338,1321,1328
1336,1318,1331,1349
1335,1320,1333,1344
547,548,1327,1353
1330,1348,1342,1324
1331,1314,1334,1374
1351,1343,1328,1335
343,1340,1329,344
1347,1325,1336,1358
1353,1327,1332,1356
1346,1374,1334,1322
1340,1352,1344,1333
1337,1357,1348,1330
1335,1344,1354,1351
1366,1349,1331,1350
1356,1332,1342,1364
1338,1355,1360,1339
1359,1355,1338,1343
342,1352,1340,343
1339,1360,1367,1341
1347,1369,1357,1337
547,1353,1362,546
1331,1374,1365,1350
1361,1354,1344,1352
1358,1336,1349,1372
1363,1359,1343,1351
1341,1367,1373,1345
1348,1370,1364,1342
1351,1354,1368,1363
1345,1373,1378,1346
313,1361,1352,342
1357,1381,1370,1348
1369,1347,1358,1385
1371,1368,1354,1361
1365,1387,1366,1350
1349,1366,1390,1372
1377,1380,1355,1359
1376,1377,1359,1363
544,1353,1356,543
312,1371,1361,313
544,545,1362,1353
1363,1368,1375,1376
1393,1360,1355,1380
545,540,546,1362
543,1356,1364,542
1378,1403,1374,1346
1369,1397,1381,1357
1383,1384,1368,1371
312,311,1379,1371
1384,1389,1375,1368
1398,1367,1360,1393
1385,1358,1372,1399
1383,1371,1379,1382
542,1364,1370,541
1401,1387,1365,1374
311,310,1382,1379
1392,1376,1375,1389
1382,310,309,1386
1383,1382,1386,1388
1386,309,308,314
1392,1395,1377,1376
1388,1391,1384,1383
1388,1386,314,315
315,316,1391,1388
1404,1373,1367,1398
1389,1384,1391,1394
1387,1407,1390,1366
1395,1402,1380,1377
1394,1391,316,317
1392,1389,1394,1396
1397,1369,1385,1405
541,1370,1381,493
1406,1378,1373,1404
1399,1372,1390,1407
1396,1394,317,318
1392,1396,1400,1395
1408,1393,1380,1402
1374,1403,1410,1401
1396,318,319,1400
493,1381,1397,492
1405,1385,1399,1411
320,1395,1400,319
1406,1415,1403,1378
1413,1398,1393,1408
1401,1414,1407,1387
1402,1395,1409,1412
492,1397,1405,491
320,321,1409,1395
1416,1404,1398,1413
1407,1418,1411,1399
1402,1412,1417,1408
1414,1401,1410,1420
1415,1420,1410,1403
1419,1406,1404,1416
491,1405,1411,490
322,1412,1409,321
1408,1417,1422,1413
1419,1421,1415,1406
1414,1423,1418,1407
1412,322,323,1417
1418,469,490,1411
1413,1422,1425,1416
1421,1424,1420,1415
1420,1427,1423,1414
1416,1425,1429,1419
1417,323,324,1422
1423,468,469,1418
1419,1429,1426,1421
1424,1421,1426,1428
1424,1433,1427,1420
1422,324,325,1425
1427,1438,1431,1423
1428,1437,1432,1424
1434,1428,1426,1429
1435,1429,1425,1430
468,1423,1431,467
1433,1424,1432,1439
1425,325,1436,1430
1438,1427,1433,1443
1441,1434,1429,1435
1437,1428,1434,1442
1440,1435,1430,1436
1444,1439,1432,1437
466,467,1431,1438
1433,1439,1445,1443
326,1440,1436,325
1446,1441,1435,1440
1442,1434,1441,1447
1444,1437,1442,1448
1445,1439,1444,1449
466,1438,1443,337
328,1446,1440,326
1447,1441,1446,1450
1453,1443,1445,1449
1448,1442,1447,1452
1444,1448,1453,1449
337,1443,1451,336
1450,1446,328,329
1453,1455,1451,1443
1452,1447,1450,1454
1452,1456,1453,1448
1454,1450,329,330
335,336,1451,1455
1454,1457,1456,1452
1456,1458,1455,1453
1457,1454,330,331
335,1455,1458,334
1457,1459,1458,1456
1459,1457,331,332
334,1458,1459,333
333,1459,332,327
432,438,1460,437
438,439,1461,1460
1460,1461,436,437
440,1462,1461,439
1462,435,436,1461
440,441,1463,1462
435,1462,1464,434
1466,1462,1463,1465
1466,1467,1464,1462
441,442,1465,1463
433,434,1464,1467
1466,1465,1468,1469
1470,1465,442,482
1472,446,433,1467
1473,1467,1466,1469
1470,1471,1468,1465
1476,1469,1468,1471
1467,1473,1477,1472
482,483,1475,1470
446,1472,1474,445
1471,1470,1475,1478
1469,1476,1479,1473
1477,1480,1474,1472
483,484,1481,1475
1476,1471,1478,1483
1482,445,1474,1480
1473,1479,1484,1477
1475,1481,1485,1478
1489,444,445,1482
1476,1483,1486,1479
1488,1480,1477,1484
1478,1485,1487,1483
484,485,1492,1481
1479,1486,1491,1484
1496,1482,1480,1488
1481,1492,1490,1485
1497,443,444,1489
1483,1487,1495,1486
1487,1485,1490,1494
1488,1484,1493,1498
1491,1500,1493,1484
1505,1489,1482,1496
485,506,1501,1492
1486,1495,1502,1491
1503,450,443,1497
1499,1494,1490,1492
1504,1495,1487,1494
1496,1488,1498,1507
1511,1497,1489,1505
449,450,1503,1506
506,507,1508,1501
1492,1501,1509,1499
1513,1498,1493,1500
1500,1491,1502,1515
1510,1504,1494,1499
1512,1502,1495,1504
1514,1503,1497,1511
1507,1518,1505,1496
448,449,1506,1516
507,508,1517,1508
1514,1516,1506,1503
1501,1508,1521,1509
1526,1507,1498,1513
1499,1509,1522,1510
1515,1502,1512,1520
1523,1512,1504,1510
1513,1500,1515,1528
448,1516,1519,447
1511,1505,1518,1532
508,509,1533,1517
1527,1514,1511,1532
1525,1516,1514,1527
447,1519,1524,461
1508,1517,1541,1521
1519,1516,1525,1530
1509,1521,1544,1522
1510,1522,1547,1523
1523,1549,1520,1512
460,461,1524,1529
509,669,1545,1533
1528,1515,1520,1549
1524,1519,1530,1540
1513,1528,1555,1526
459,460,1529,1531
1529,1524,1540,1537
458,459,1531,1534
1531,1529,1537,1536
1534,1531,1536,1535
457,458,1534,1535
1535,456,451,457
1543,1540,1530,1525
1554,1518,1507,1565
455,456,1535,1538
1535,1536,1539,1538
669,670,1557,1545
1539,454,455,1538
1517,1533,1556,1541
1536,1537,1542,1539
1543,1525,1527,1551
1507,1526,1559,1565
1518,1554,1550,1532
1539,1542,453,454
1546,1542,1537,1540
1521,1541,1563,1544
1551,1527,1532,1562
1560,1557,670,671
1542,1546,1548,453
1552,1546,1540,1543
1522,1544,1564,1547
1558,1560,671,672
672,673,1561,1558
1523,1547,1567,1549
673,663,664,1561
452,453,1548,1553
1552,1553,1548,1546
1533,1545,1568,1556
1570,1555,1528,1549
1562,1532,1550,1572
1559,1526,1555,1574
1566,425,452,1553
1541,1556,1576,1563
1571,1569,1552,1543
1543,1551,1573,1571
1569,1566,1553,1552
1544,1563,1579,1564
1545,1557,1584,1568
1554,1583,1572,1550
1559,1583,1554,1565
1547,1564,1581,1567
1551,1562,1580,1573
1558,1577,1575,1560
1549,1567,1586,1570
1557,1560,1575,1584
1578,424,425,1566
1558,1561,1582,1577
1556,1568,1588,1576
1590,1574,1555,1570
1561,664,665,1582
1585,1578,1566,1569
1562,1572,1592,1580
1563,1576,1594,1579
1574,1595,1583,1559
1589,1585,1569,1571
424,1578,1587,423
1571,1573,1591,1589
1564,1579,1596,1581
1567,1581,1600,1586
1597,1584,1575,1577
1578,1585,1593,1587
1568,1584,1603,1588
1573,1580,1602,1591
1592,1572,1583,1598
1570,1586,1604,1590
1577,1582,1605,1597
1599,423,1587,1593
1576,1588,1606,1594
1607,1595,1574,1590
1589,1601,1593,1585
1579,1594,1609,1596
1582,665,666,1605
1580,1592,1611,1602
1591,1608,1601,1589
1581,1596,1612,1600
1599,1610,422,423
1595,1616,1598,1583
1584,1597,1614,1603
1586,1600,1615,1604
1601,1613,1599,1593
1588,1603,1618,1606
1590,1604,1619,1607
1591,1602,1620,1608
1611,1592,1598,1616
1594,1606,1622,1609
1597,1605,1623,1614
422,1610,1617,417
1613,1621,1610,1599
1596,1609,1624,1612
1627,1616,1595,1607
1608,1625,1613,1601
1600,1612,1628,1615
1603,1614,1629,1618
1602,1611,1630,1620
1605,666,667,1623
1604,1615,1631,1619
1610,1621,1626,1617
1606,1618,1633,1622
1608,1620,1636,1625
1632,417,1617,1626
1625,1634,1621,1613
1638,1627,1607,1619
1609,1622,1635,1624
1611,1616,1637,1630
1614,1623,1639,1629
1612,1624,1640,1628
1615,1628,1642,1631
1634,1641,1626,1621
1618,1629,1643,1633
1632,1644,416,417
1645,1637,1616,1627
1620,1630,1647,1636
1623,667,668,1639
1638,1619,1631,1652
1622,1633,1648,1635
1636,1646,1634,1625
1641,1650,1632,1626
1624,1635,1651,1640
1628,1640,1653,1642
1629,1639,1654,1643
1655,1645,1627,1638
1630,1637,1656,1647
1646,1657,1641,1634
1644,1661,415,416
1643,1658,1649,1633
1652,1631,1642,1664
1647,1659,1646,1636
1650,1662,1644,1632
1648,1633,1649,1660
1635,1648,1663,1651
1665,1656,1637,1645
1639,668,635,1654
1640,1651,1666,1653
1657,1667,1650,1641
1655,1638,1652,1671
1643,1654,1668,1658
1656,1669,1659,1647
1657,1646,1659,1670
1642,1653,1677,1664
1658,1672,1660,1649
1674,1665,1645,1655
1662,1673,1661,1644
1648,1660,1675,1663
414,415,1661,1676
1651,1663,1678,1666
1662,1650,1667,1682
1654,635,636,1668
1665,1679,1669,1656
1671,1652,1664,1686
1667,1657,1670,1680
1687,1677,1653,1666
1670,1659,1669,1681
1658,1668,1683,1672
1660,1672,1684,1675
1676,1661,1673,1685
1663,1675,1688,1678
1674,1655,1671,1703
409,414,1676,1689
1674,1690,1679,1665
1673,1662,1682,1700
1664,1677,1696,1686
1693,1687,1666,1678
1680,1691,1682,1667
1681,1669,1679,1692
1668,636,637,1683
1680,1670,1681,1694
1672,1683,1697,1684
1675,1684,1699,1688
1689,1676,1685,1698
1673,1700,1695,1685
1704,1693,1678,1688
1706,1696,1677,1687
409,1689,1702,408
1703,1671,1686,1709
1680,1694,1701,1691
1692,1679,1690,1707
1691,1705,1700,1682
1703,1715,1690,1674
1694,1681,1692,1711
1683,637,638,1697
1708,1698,1685,1695
1684,1697,1710,1699
1714,1706,1687,1693
1713,1704,1688,1699
1686,1696,1716,1709
1712,1705,1691,1701
1698,1720,1702,1689
1717,1708,1695,1700
1718,1712,1701,1694
407,408,1702,1720
1711,1692,1707,1724
1721,1714,1693,1704
1716,1696,1706,1719
1697,638,627,1710
1690,1715,1727,1707
1717,1700,1705,1723
1722,1713,1699,1710
1718,1694,1711,1729
1720,1698,1708,1725
1728,1721,1704,1713
1723,1705,1712,1730
1714,1731,1719,1706
1709,1734,1738,1703
1725,1708,1717,1735
628,1722,1710,627
1709,1716,1732,1734
1715,1703,1738,1739
1732,1716,1719,1731
1722,1733,1726,1713
1730,1712,1718,1740
1736,1731,1714,1721
1729,1711,1724,1742
1728,1713,1726,1737
406,407,1720,1746
1723,1741,1735,1717
1724,1707,1727,1767
1744,1736,1721,1728
629,1733,1722,628
1740,1718,1729,1751
1746,1720,1725,1749
1739,1767,1727,1715
1733,1745,1737,1726
1730,1750,1741,1723
1728,1737,1747,1744
1759,1742,1724,1743
1749,1725,1735,1757
1731,1748,1753,1732
1752,1748,1731,1736
630,1745,1733,629
1732,1753,1760,1734
1740,1762,1750,1730
406,1746,1755,405
1724,1767,1758,1743
1754,1747,1737,1745
1751,1729,1742,1765
1756,1752,1736,1744
1734,1760,1766,1738
1741,1763,1757,1735
1744,1747,1761,1756
1738,1766,1771,1739
599,1754,1745,630
1750,1774,1763,1741
1762,1740,1751,1778
1764,1761,1747,1754
1758,1780,1759,1743
1742,1759,1783,1765
1770,1773,1748,1752
1769,1770,1752,1756
403,1746,1749,402
600,1764,1754,599
403,404,1755,1746
1756,1761,1768,1769
1786,1753,1748,1773
404,399,405,1755
402,1749,1757,401
1771,1796,1767,1739
1762,1790,1774,1750
1776,1777,1761,1764
600,601,1772,1764
1777,1782,1768,1761
1791,1760,1753,1786
1778,1751,1765,1792
1776,1764,1772,1775
401,1757,1763,400
1794,1780,1758,1767
601,602,1775,1772
1785,1769,1768,1782
1775,602,603,1779
1776,1775,1779,1781
1779,603,593,598
1785,1788,1770,1769
1781,1784,1777,1776
1781,1779,598,597
597,596,1784,1781
1797,1766,1760,1791
1782,1777,1784,1787
1780,1800,1783,1759
1788,1795,1773,1770
1787,1784,596,595
1785,1782,1787,1789
1790,1762,1778,1798
400,1763,1774,481
1799,1771,1766,1797
1792,1765,1783,1800
1789,1787,595,594
1785,1789,1793,1788
1801,1786,1773,1795
1767,1796,1803,1794
1789,594,607,1793
481,1774,1790,480
1798,1778,1792,1804
606,1788,1793,607
1799,1808,1796,1771
1806,1791,1786,1801
1794,1807,1800,1780
1795,1788,1802,1805
480,1790,1798,479
606,605,1802,1788
1809,1797,1791,1806
1800,1811,1804,1792
1795,1805,1810,1801
1807,1794,1803,1813
1808,1813,1803,1796
1812,1799,1797,1809
479,1798,1804,478
604,1805,1802,605
1801,1810,1815,1806
1812,1814,1808,1799
1807,1816,1811,1800
1805,604,611,1810
1811,505,478,1804
1806,1815,1818,1809
1814,1817,1813,1808
1813,1820,1816,1807
1809,1818,1822,1812
1810,611,610,1815
1816,504,505,1811
1812,1822,1819,1814
1817,1814,1819,1821
1817,1826,1820,1813
1815,610,609,1818
1820,1831,1824,1816
1821,1830,1825,1817
1827,1821,1819,1822
1828,1822,1818,1823
504,1816,1824,503
1826,1817,1825,1832
1818,609,1829,1823
1831,1820,1826,1836
1834,1827,1822,1828
1830,1821,1827,1835
1833,1828,1823,1829
1837,1832,1825,1830
502,503,1824,1831
1826,1832,1838,1836
608,1833,1829,609
1839,1834,1828,1833
1835,1827,1834,1840
1837,1830,1835,1841
1838,1832,1837,1842
502,1831,1836,622
617,1839,1833,608
1840,1834,1839,1843
1846,1836,1838,1842
1841,1835,1840,1845
1837,1841,1846,1842
622,1836,1844,621
1843,1839,617,616
1846,1848,1844,1836
1845,1840,1843,1847
1845,1849,1846,1841
1847,1843,616,615
620,621,1844,1848
1847,1850,1849,1845
1849,1851,1848,1846
1850,1847,615,614
620,1848,1851,619
1850,1852,1851,1849
1852,1850,614,613
619,1851,1852,618
618,1852,613,612
398,251,1853,246
251,252,1854,1853
1853,1854,247,246
253,1855,1854,252
1855,248,247,1854
253,254,1856,1855
248,1855,1857,249
1859,1855,1856,1858
1859,1860,1857,1855
254,255,1858,1856
250,249,1857,1860
1859,1858,1861,1862
1863,1858,255,201
1865,256,250,1860
1866,1860,1859,1862
1863,1864,1861,1858
1869,1862,1861,1864
1860,1866,1870,1865
201,202,1868,1863
256,1865,1867,257
1864,1863,1868,1871
1862,1869,1872,1866
1870,1873,1867,1865
202,203,1874,1868
1869,1864,1871,1876
1875,257,1867,1873
1866,1872,1877,1870
1868,1874,1878,1871
1882,258,257,1875
1869,1876,1879,1872
1881,1873,1870,1877
1871,1878,1880,1876
203,204,1885,1874
1872,1879,1884,1877
1889,1875,1873,1881
1874,1885,1883,1878
1890,259,258,1882
1876,1880,1888,1879
1880,1878,1883,1887
1881,1877,1886,1891
1884,1893,1886,1877
1898,1882,1875,1889
204,177,1894,1885
1879,1888,1895,1884
1896,260,259,1890
1892,1887,1883,1885
1897,1888,1880,1887
1889,1881,1891,1900
1904,1890,1882,1898
261,260,1896,1899
177,178,1901,1894
1885,1894,1902,1892
1906,1891,1886,1893
1893,1884,1895,1908
1903,1897,1887,1892
1905,1895,1888,1897
1907,1896,1890,1904
1900,1911,1898,1889
262,261,1899,1909
178,179,1910,1901
1907,1909,1899,1896
1894,1901,1914,1902
1919,1900,1891,1906
1892,1902,1915,1903
1908,1895,1905,1913
1916,1905,1897,1903
1906,1893,1908,1921
262,1909,1912,263
1904,1898,1911,1925
179,180,1926,1910
1920,1907,1904,1925
1918,1909,1907,1920
263,1912,1917,264
1901,1910,1934,1914
1912,1909,1918,1923
1902,1914,1937,1915
1903,1915,1940,1916
1916,1942,1913,1905
265,264,1917,1922
180,102,1938,1926
1921,1908,1913,1942
1917,1912,1923,1933
1906,1921,1948,1919
266,265,1922,1924
1922,1917,1933,1930
267,266,1924,1927
1924,1922,1930,1929
1927,1924,1929,1928
268,267,1927,1928
1928,405,399,268
1936,1933,1923,1918
1947,1911,1900,1958
406,405,1928,1931
1928,1929,1932,1931
102,103,1950,1938
1932,407,406,1931
1910,1926,1949,1934
1929,1930,1935,1932
1936,1918,1920,1944
1900,1919,1952,1958
1911,1947,1943,1925
1932,1935,408,407
1939,1935,1930,1933
1914,1934,1956,1937
1944,1920,1925,1955
1953,1950,103,104
1935,1939,1941,408
1945,1939,1933,1936
1915,1937,1957,1940
1951,1953,104,105
105,106,1954,1951
1916,1940,1960,1942
106,96,97,1954
409,408,1941,1946
1945,1946,1941,1939
1926,1938,1961,1949
1963,1948,1921,1942
1955,1925,1943,1965
1952,1919,1948,1967
1959,414,409,1946
1934,1949,1969,1956
1964,1962,1945,1936
1936,1944,1966,1964
1962,1959,1946,1945
1937,1956,1972,1957
1938,1950,1977,1961
1947,1976,1965,1943
1952,1976,1947,1958
1940,1957,1974,1960
1944,1955,1973,1966
1951,1970,1968,1953
1942,1960,1979,1963
1950,1953,1968,1977
1971,415,414,1959
1951,1954,1975,1970
1949,1961,1981,1969
1983,1967,1948,1963
1954,97,98,1975
1978,1971,1959,1962
1955,1965,1985,1973
1956,1969,1987,1972
1967,1988,1976,1952
1982,1978,1962,1964
415,1971,1980,416
1964,1966,1984,1982
1957,1972,1989,1974
1960,1974,1993,1979
1990,1977,1968,1970
1971,1978,1986,1980
1961,1977,1996,1981
1966,1973,1995,1984
1985,1965,1976,1991
1963,1979,1997,1983
1970,1975,1998,1990
1992,416,1980,1986
1969,1981,1999,1987
2000,1988,1967,1983
1982,1994,1986,1978
1972,1987,2002,1989
1975,98,99,1998
1973,1985,2004,1995
1984,2001,1994,1982
1974,1989,2005,1993
1992,2003,417,416
1988,2009,1991,1976
1977,1990,2007,1996
1979,1993,2008,1997
1994,2006,1992,1986
1981,1996,2011,1999
1983,1997,2012,2000
1984,1995,2013,2001
2004,1985,1991,2009
1987,1999,2015,2002
1990,1998,2016,2007
417,2003,2010,422
2006,2014,2003,1992
1989,2002,2017,2005
2020,2009,1988,2000
2001,2018,2006,1994
1993,2005,2021,2008
1996,2007,2022,2011
1995,2004,2023,2013
1998,99,100,2016
1997,2008,2024,2012
2003,2014,2019,2010
1999,2011,2026,2015
2001,2013,2029,2018
2025,422,2010,2019
2018,2027,2014,2006
2031,2020,2000,2012
2002,2015,2028,2017
2004,2009,2030,2023
2007,2016,2032,2022
2005,2017,2033,2021
2008,2021,2035,2024
2027,2034,2019,2014
2011,2022,2036,2026
2025,2037,423,422
2038,2030,2009,2020
2013,2023,2040,2029
2016,100,101,2032
2031,2012,2024,2045
2015,2026,2041,2028
2029,2039,2027,2018
2034,2043,2025,2019
2017,2028,2044,2033
2021,2033,2046,2035
2022,2032,2047,2036
2048,2038,2020,2031
2023,2030,2049,2040
2039,2050,2034,2027
2037,2054,424,423
2036,2051,2042,2026
2045,2024,2035,2057
2040,2052,2039,2029
2043,2055,2037,2025
2041,2026,2042,2053
2028,2041,2056,2044
2058,2049,2030,2038
2032,101,112,2047
2033,2044,2059,2046
2050,2060,2043,2034
2048,2031,2045,2064
2036,2047,2061,2051
2049,2062,2052,2040
2050,2039,2052,2063
2035,2046,2070,2057
2051,2065,2053,2042
2067,2058,2038,2048
2055,2066,2054,2037
2041,2053,2068,2056
425,424,2054,2069
2044,2056,2071,2059
2055,2043,2060,2075
2047,112,113,2061
2058,2072,2062,2049
2064,2045,2057,2079
2060,2050,2063,2073
2080,2070,2046,2059
2063,2052,2062,2074
2051,2061,2076,2065
2053,2065,2077,2068
2069,2054,2066,2078
2056,2068,2081,2071
2067,2048,2064,2096
452,425,2069,2082
2067,2083,2072,2058
2066,2055,2075,2093
2057,2070,2089,2079
2086,2080,2059,2071
2073,2084,2075,2060
2074,2062,2072,2085
2061,113,114,2076
2073,2063,2074,2087
2065,2076,2090,2077
2068,2077,2092,2081
2082,2069,2078,2091
2066,2093,2088,2078
2097,2086,2071,2081
2099,2089,2070,2080
452,2082,2095,453
2096,2064,2079,2102
2073,2087,2094,2084
2085,2072,2083,2100
2084,2098,2093,2075
2096,2108,2083,2067
2087,2074,2085,2104
2076,114,115,2090
2101,2091,2078,2088
2077,2090,2103,2092
2107,2099,2080,2086
2106,2097,2081,2092
2079,2089,2109,2102
2105,2098,2084,2094
2091,2113,2095,2082
2110,2101,2088,2093
2111,2105,2094,2087
454,453,2095,2113
2104,2085,2100,2117
2114,2107,2086,2097
2109,2089,2099,2112
2090,115,120,2103
2083,2108,2120,2100
2110,2093,2098,2116
2115,2106,2092,2103
2111,2087,2104,2122
2113,2091,2101,2118
2121,2114,2097,2106
2116,2098,2105,2123
2107,2124,2112,2099
2102,2127,2131,2096
2118,2101,2110,2128
121,2115,2103,120
2102,2109,2125,2127
2108,2096,2131,2132
2125,2109,2112,2124
2115,2126,2119,2106
2123,2105,2111,2133
2129,2124,2107,2114
2122,2104,2117,2135
2121,2106,2119,2130
455,454,2113,2139
2116,2134,2128,2110
2117,2100,2120,2160
2137,2129,2114,2121
122,2126,2115,121
2133,2111,2122,2144
2139,2113,2118,2142
2132,2160,2120,2108
2126,2138,2130,2119
2123,2143,2134,2116
2121,2130,2140,2137
2152,2135,2117,2136
2142,2118,2128,2150
2124,2141,2146,2125
2145,2141,2124,2129
123,2138,2126,122
2125,2146,2153,2127
2133,2155,2143,2123
455,2139,2148,456
2117,2160,2151,2136
2147,2140,2130,2138
2144,2122,2135,2158
2149,2145,2129,2137
2127,2153,2159,2131
2134,2156,2150,2128
2137,2140,2154,2149
2131,2159,2164,2132
136,2147,2138,123
2143,2167,2156,2134
2155,2133,2144,2171
2157,2154,2140,2147
2151,2173,2152,2136
2135,2152,2176,2158
2163,2166,2141,2145
2162,2163,2145,2149
295,2139,2142,294
137,2157,2147,136
295,296,2148,2139
2149,2154,2161,2162
2179,2146,2141,2166
296,451,456,2148
294,2142,2150,293
2164,2189,2160,2132
2155,2183,2167,2143
2169,2170,2154,2157
137,138,2165,2157
2170,2175,2161,2154
2184,2153,2146,2179
2171,2144,2158,2185
2169,2157,2165,2168
293,2150,2156,292
2187,2173,2151,2160
138,139,2168,2165
2178,2162,2161,2175
2168,139,140,2172
2169,2168,2172,2174
2172,140,135,141
2178,2181,2163,2162
2174,2177,2170,2169
2174,2172,141,142
142,143,2177,2174
2190,2159,2153,2184
2175,2170,2177,2180
2173,2193,2176,2152
2181,2188,2166,2163
2180,2177,143,144
2178,2175,2180,2182
2183,2155,2171,2191
292,2156,2167,212
2192,2164,2159,2190
2185,2158,2176,2193
2182,2180,144,145
2178,2182,2186,2181
2194,2179,2166,2188
2160,2189,2196,2187
2182,145,146,2186
212,2167,2183,211
2191,2171,2185,2197
147,2181,2186,146
2192,2201,2189,2164
2199,2184,2179,2194
2187,2200,2193,2173
2188,2181,2195,2198
211,2183,2191,210
147,148,2195,2181
2202,2190,2184,2199
2193,2204,2197,2185
2188,2198,2203,2194
2200,2187,2196,2206
2201,2206,2196,2189
2205,2192,2190,2202
210,2191,2197,209
149,2198,2195,148
2194,2203,2208,2199
2205,2207,2201,2192
2200,2209,2204,2193
2198,149,150,2203
2204,188,209,2197
2199,2208,2211,2202
2207,2210,2206,2201
2206,2213,2209,2200
2202,2211,2215,2205
2203,150,151,2208
2209,187,188,2204
2205,2215,2212,2207
2210,2207,2212,2214
2210,2219,2213,2206
2208,151,152,2211
2213,2224,2217,2209
2214,2223,2218,2210
2220,2214,2212,2215
2221,2215,2211,2216
187,2209,2217,186
2219,2210,2218,2225
2211,152,2222,2216
2224,2213,2219,2229
2227,2220,2215,2221
2223,2214,2220,2228
2226,2221,2216,2222
2230,2225,2218,2223
185,186,2217,2224
2219,2225,2231,2229
153,2226,2222,152
2232,2227,2221,2226
2228,2220,2227,2233
2230,2223,2228,2234
2231,2225,2230,2235
185,2224,2229,164
155,2232,2226,153
2233,2227,2232,2236
2239,2229,2231,2235
2234,2228,2233,2238
2230,2234,2239,2235
164,2229,2237,163
2236,2232,155,156
2239,2241,2237,2229
2238,2233,2236,2240
2238,2242,2239,2234
2240,2236,156,157
162,163,2237,2241
2240,2243,2242,2238
2242,2244,2241,2239
2243,2240,157,158
162,2241,2244,161
2243,2245,2244,2242
2245,2243,158,159
161,2244,2245,160
160,2245,159,154
72,52,2246,77
52,53,2247,2246
2246,2247,76,77
54,2248,2247,53
2248,75,76,2247
54,55,2249,2248
75,2248,2250,74
2252,2248,2249,2251
2252,2253,2250,2248
55,56,2251,2249
73,74,2250,2253
2252,2251,2254,2255
2256,2251,56,169
2258,86,73,2253
2259,2253,2252,2255
2256,2257,2254,2251
2262,2255,2254,2257
2253,2259,2263,2258
169,170,2261,2256
86,2258,2260,85
2257,2256,2261,2264
2255,2262,2265,2259
2263,2266,2260,2258
170,171,2267,2261
2262,2257,2264,2269
2268,85,2260,2266
2259,2265,2270,2263
2261,2267,2271,2264
2275,84,85,2268
2262,2269,2272,2265
2274,2266,2263,2270
2264,2271,2273,2269
171,172,2278,2267
2265,2272,2277,2270
2282,2268,2266,2274
2267,2278,2276,2271
2283,83,84,2275
2269,2273,2281,2272
2273,2271,2276,2280
2274,2270,2279,2284
2277,2286,2279,2270
2291,2275,2268,2282
172,193,2287,2278
2272,2281,2288,2277
2289,90,83,2283
2285,2280,2276,2278
2290,2281,2273,2280
2282,2274,2284,2293
2297,2283,2275,2291
89,90,2289,2292
193,194,2294,2287
2278,2287,2295,2285
2299,2284,2279,2286
2286,2277,2288,2301
2296,2290,2280,2285
2298,2288,2281,2290
2300,2289,2283,2297
2293,2304,2291,2282
88,89,2292,2302
194,195,2303,2294
2300,2302,2292,2289
2287,2294,2307,2295
2312,2293,2284,2299
2285,2295,2308,2296
2301,2288,2298,2306
2309,2298,2290,2296
2299,2286,2301,2314
88,2302,2305,87
2297,2291,2304,2318
195,196,2319,2303
2313,2300,2297,2318
2311,2302,2300,2313
87,2305,2310,95
2294,2303,2327,2307
2305,2302,2311,2316
2295,2307,2330,2308
2296,2308,2333,2309
2309,2335,2306,2298
94,95,2310,2315
196,236,2331,2319
2314,2301,2306,2335
2310,2305,2316,2326
2299,2314,2341,2312
93,94,2315,2317
2315,2310,2326,2323
92,93,2317,2320
2317,2315,2323,2322
2320,2317,2322,2321
91,92,2320,2321
2321,61,96,91
2329,2326,2316,2311
2340,2304,2293,2351
60,61,2321,2324
2321,2322,2325,2324
236,237,2343,2331
2325,59,60,2324
2303,2319,2342,2327
2322,2323,2328,2325
2329,2311,2313,2337
2293,2312,2345,2351
2304,2340,2336,2318
2325,2328,58,59
2332,2328,2323,2326
2307,2327,2349,2330
2337,2313,2318,2348
2346,2343,237,238
2328,2332,2334,58
2338,2332,2326,2329
2308,2330,2350,2333
2344,2346,238,239
239,240,2347,2344
2309,2333,2353,2335
240,369,354,2347
57,58,2334,2339
2338,2339,2334,2332
2319,2331,2354,2342
2356,2341,2314,2335
2348,2318,2336,2358
2345,2312,2341,2360
2352,47,57,2339
2327,2342,2362,2349
2357,2355,2338,2329
2329,2337,2359,2357
2355,2352,2339,2338
2330,2349,2365,2350
2331,2343,2370,2354
2340,2369,2358,2336
2345,2369,2340,2351
2333,2350,2367,2353
2337,2348,2366,2359
2344,2363,2361,2346
2335,2353,2372,2356
2343,2346,2361,2370
2364,46,47,2352
2344,2347,2368,2363
2342,2354,2374,2362
2376,2360,2341,2356
2347,354,355,2368
2371,2364,2352,2355
2348,2358,2378,2366
2349,2362,2380,2365
2360,2381,2369,2345
2375,2371,2355,2357
46,2364,2373,45
2357,2359,2377,2375
2350,2365,2382,2367
2353,2367,2386,2372
2383,2370,2361,2363
2364,2371,2379,2373
2354,2370,2389,2374
2359,2366,2388,2377
2378,2358,2369,2384
2356,2372,2390,2376
2363,2368,2391,2383
2385,45,2373,2379
2362,2374,2392,2380
2393,2381,2360,2376
2375,2387,2379,2371
2365,2380,2395,2382
2368,355,356,2391
2366,2378,2397,2388
2377,2394,2387,2375
2367,2382,2398,2386
2385,2396,44,45
2381,2402,2384,2369
2370,2383,2400,2389
2372,2386,2401,2390
2387,2399,2385,2379
2374,2389,2404,2392
2376,2390,2405,2393
2377,2388,2406,2394
2397,2378,2384,2402
2380,2392,2408,2395
2383,2391,2409,2400
44,2396,2403,39
2399,2407,2396,2385
2382,2395,2410,2398
2413,2402,2381,2393
2394,2411,2399,2387
2386,2398,2414,2401
2389,2400,2415,2404
2388,2397,2416,2406
2391,356,357,2409
2390,2401,2417,2405
2396,2407,2412,2403
2392,2404,2419,2408
2394,2406,2422,2411
2418,39,2403,2412
2411,2420,2407,2399
2424,2413,2393,2405
2395,2408,2421,2410
2397,2402,2423,2416
2400,2409,2425,2415
2398,2410,2426,2414
2401,2414,2428,2417
2420,2427,2412,2407
2404,2415,2429,2419
2418,2430,38,39
2431,2423,2402,2413
2406,2416,2433,2422
2409,357,358,2425
2424,2405,2417,2438
2408,2419,2434,2421
2422,2432,2420,2411
2427,2436,2418,2412
2410,2421,2437,2426
2414,2426,2439,2428
2415,2425,2440,2429
2441,2431,2413,2424
2416,2423,2442,2433
2432,2443,2427,2420
2430,2447,37,38
2429,2444,2435,2419
2438,2417,2428,2450
2433,2445,2432,2422
2436,2448,2430,2418
2434,2419,2435,2446
2421,2434,2449,2437
2451,2442,2423,2431
2425,358,346,2440
2426,2437,2452,2439
2443,2453,2436,2427
2441,2424,2438,2457
2429,2440,2454,2444
2442,2455,2445,2433
2443,2432,2445,2456
2428,2439,2463,2450
2444,2458,2446,2435
2460,2451,2431,2441
2448,2459,2447,2430
2434,2446,2461,2449
36,37,2447,2462
2437,2449,2464,2452
2448,2436,2453,2468
2440,346,347,2454
2451,2465,2455,2442
2457,2438,2450,2472
2453,2443,2456,2466
2473,2463,2439,2452
2456,2445,2455,2467
2444,2454,2469,2458
2446,2458,2470,2461
2462,2447,2459,2471
2449,2461,2474,2464
2460,2441,2457,2489
5,36,2462,2475
2460,2476,2465,2451
2459,2448,2468,2486
2450,2463,2482,2472
2479,2473,2452,2464
2466,2477,2468,2453
2467,2455,2465,2478
2454,347,348,2469
2466,2456,2467,2480
2458,2469,2483,2470
2461,2470,2485,2474
2475,2462,2471,2484
2459,2486,2481,2471
2490,2479,2464,2474
2492,2482,2463,2473
5,2475,2488,4
2489,2457,2472,2495
2466,2480,2487,2477
2478,2465,2476,2493
2477,2491,2486,2468
2489,2501,2476,2460
2480,2467,2478,2497
2469,348,349,2483
2494,2484,2471,2481
2470,2483,2496,2485
2500,2492,2473,2479
2499,2490,2474,2485
2472,2482,2502,2495
2498,2491,2477,2487
2484,2506,2488,2475
2503,2494,2481,2486
2504,2498,2487,2480
3,4,2488,2506
2497,2478,2493,2510
2507,2500,2479,2490
2502,2482,2492,2505
2483,349,338,2496
2476,2501,2513,2493
2503,2486,2491,2509
2508,2499,2485,2496
2504,2480,2497,2515
2506,2484,2494,2511
2514,2507,2490,2499
2509,2491,2498,2516
2500,2517,2505,2492
2495,2520,2524,2489
2511,2494,2503,2521
339,2508,2496,338
2495,2502,2518,2520
2501,2489,2524,2525
2518,2502,2505,2517
2508,2519,2512,2499
2516,2498,2504,2526
2522,2517,2500,2507
2515,2497,2510,2528
2514,2499,2512,2523
2,3,2506,2532
2509,2527,2521,2503
2510,2493,2513,2553
2530,2522,2507,2514
340,2519,2508,339
2526,2504,2515,2537
2532,2506,2511,2535
2525,2553,2513,2501
2519,2531,2523,2512
2516,2536,2527,2509
2514,2523,2533,2530
2545,2528,2510,2529
2535,2511,2521,2543
2517,2534,2539,2518
2538,2534,2517,2522
341,2531,2519,340
2518,2539,2546,2520
2526,2548,2536,2516
2,2532,2541,1
2510,2553,2544,2529
2540,2533,2523,2531
2537,2515,2528,2551
2542,2538,2522,2530
2520,2546,2552,2524
2527,2549,2543,2521
2530,2533,2547,2542
2524,2552,2557,2525
298,2540,2531,341
2536,2560,2549,2527
2548,2526,2537,2564
2550,2547,2533,2540
2544,2566,2545,2529
2528,2545,2569,2551
2556,2559,2534,2538
2555,2556,2538,2542
13,2532,2535,14
299,2550,2540,298
13,12,2541,2532
2542,2547,2554,2555
2572,2539,2534,2559
12,6,1,2541
14,2535,2543,15
2557,2582,2553,2525
2548,2576,2560,2536
2562,2563,2547,2550
299,300,2558,2550
2563,2568,2554,2547
2577,2546,2539,2572
2564,2537,2551,2578
2562,2550,2558,2561
15,2543,2549,16
2580,2566,2544,2553
300,301,2561,2558
2571,2555,2554,2568
2561,301,302,2565
2562,2561,2565,2567
2565,302,297,213
2571,2574,2556,2555
2567,2570,2563,2562
2567,2565,213,214
214,215,2570,2567
2583,2552,2546,2577
2568,2563,2570,2573
2566,2586,2569,2545
2574,2581,2559,2556
2573,2570,215,216
2571,2568,2573,2575
2576,2548,2564,2584
16,2549,2560,165
2585,2557,2552,2583
2578,2551,2569,2586
2575,2573,216,217
2571,2575,2579,2574
2587,2572,2559,2581
2553,2582,2589,2580
2575,217,218,2579
165,2560,2576,166
2584,2564,2578,2590
219,2574,2579,218
2585,2594,2582,2557
2592,2577,2572,2587
2580,2593,2586,2566
2581,2574,2588,2591
166,2576,2584,167
219,220,2588,2574
2595,2583,2577,2592
2586,2597,2590,2578
2581,2591,2596,2587
2593,2580,2589,2599
2594,2599,2589,2582
2598,2585,2583,2595
167,2584,2590,168
221,2591,2588,220
2587,2596,2601,2592
2598,2600,2594,2585
2593,2602,2597,2586
2591,221,222,2596
2597,189,168,2590
2592,2601,2604,2595
2600,2603,2599,2594
2599,2606,2602,2593
2595,2604,2608,2598
2596,222,223,2601
2602,190,189,2597
2598,2608,2605,2600
2603,2600,2605,2607
2603,2612,2606,2599
2601,223,224,2604
2606,2617,2610,2602
2607,2616,2611,2603
2613,2607,2605,2608
2614,2608,2604,2609
190,2602,2610,191
2612,2603,2611,2618
2604,224,2615,2609
2617,2606,2612,2622
2620,2613,2608,2614
2616,2607,2613,2621
2619,2614,2609,2615
2623,2618,2611,2616
192,191,2610,2617
2612,2618,2624,2622
225,2619,2615,224
2625,2620,2614,2619
2621,2613,2620,2626
2623,2616,2621,2627
2624,2618,2623,2628
192,2617,2622,231
226,2625,2619,225
2626,2620,2625,2629
2632,2622,2624,2628
2627,2621,2626,2631
2623,2627,2632,2628
231,2622,2630,232
2629,2625,226,227
2632,2634,2630,2622
2631,2626,2629,2633
2631,2635,2632,2627
2633,2629,227,228
233,232,2630,2634
2633,2636,2635,2631
2635,2637,2634,2632
2636,2633,228,229
233,2634,2637,234
2636,2638,2637,2635
2638,2636,229,230
234,2637,2638,235
235,2638,230,308
510,516,2639,515
516,517,2640,2639
2639,2640,514,515
518,2641,2640,517
2641,513,514,2640
518,519,2642,2641
513,2641,2643,512
2645,2641,2642,2644
2645,2646,2643,2641
519,520,2644,2642
511,512,2643,2646
2645,2644,2647,2648
2649,2644,520,486
2651,524,511,2646
2652,2646,2645,2648
2649,2650,2647,2644
2655,2648,2647,2650
2646,2652,2656,2651
486,487,2654,2649
524,2651,2653,523
2650,2649,2654,2657
2648,2655,2658,2652
2656,2659,2653,2651
487,488,2660,2654
2655,2650,2657,2662
2661,523,2653,2659
2652,2658,2663,2656
2654,2660,2664,2657
2668,522,523,2661
2655,2662,2665,2658
2667,2659,2656,2663
2657,2664,2666,2662
488,489,2671,2660
2658,2665,2670,2663
2675,2661,2659,2667
2660,2671,2669,2664
2676,521,522,2668
2662,2666,2674,2665
2666,2664,2669,2673
2667,2663,2672,2677
2670,2679,2672,2663
2684,2668,2661,2675
489,462,2680,2671
2665,2674,2681,2670
2682,528,521,2676
2678,2673,2669,2671
2683,2674,2666,2673
2675,2667,2677,2686
2690,2676,2668,2684
527,528,2682,2685
462,463,2687,2680
2671,2680,2688,2678
2692,2677,2672,2679
2679,2670,2681,2694
2689,2683,2673,2678
2691,2681,2674,2683
2693,2682,2676,2690
2686,2697,2684,2675
526,527,2685,2695
463,464,2696,2687
2693,2695,2685,2682
2680,2687,2700,2688
2705,2686,2677,2692
2678,2688,2701,2689
2694,2681,2691,2699
2702,2691,2683,2689
2692,2679,2694,2707
526,2695,2698,525
2690,2684,2697,2711
464,465,2712,2696
2706,2693,2690,2711
2704,2695,2693,2706
525,2698,2703,538
2687,2696,2720,2700
2698,2695,2704,2709
2688,2700,2723,2701
2689,2701,2726,2702
2702,2728,2699,2691
537,538,2703,2708
465,303,2724,2712
2707,2694,2699,2728
2703,2698,2709,2719
2692,2707,2734,2705
536,537,2708,2710
2708,2703,2719,2716
535,536,2710,2713
2710,2708,2716,2715
2713,2710,2715,2714
534,535,2713,2714
2714,533,539,534
2722,2719,2709,2704
2733,2697,2686,2744
532,533,2714,2717
2714,2715,2718,2717
303,304,2736,2724
2718,531,532,2717
2696,2712,2735,2720
2715,2716,2721,2718
2722,2704,2706,2730
2686,2705,2738,2744
2697,2733,2729,2711
2718,2721,530,531
2725,2721,2716,2719
2700,2720,2742,2723
2730,2706,2711,2741
2739,2736,304,305
2721,2725,2727,530
2731,2725,2719,2722
2701,2723,2743,2726
2737,2739,305,306
306,307,2740,2737
2702,2726,2746,2728
307,297,302,2740
529,530,2727,2732
2731,2732,2727,2725
2712,2724,2747,2735
2749,2734,2707,2728
2741,2711,2729,2751
2738,2705,2734,2753
2745,554,529,2732
2720,2735,2755,2742
2750,2748,2731,2722
2722,2730,2752,2750
2748,2745,2732,2731
2723,2742,2758,2743
2724,2736,2763,2747
2733,2762,2751,2729
2738,2762,2733,2744
2726,2743,2760,2746
2730,2741,2759,2752
2737,2756,2754,2739
2728,2746,2765,2749
2736,2739,2754,2763
2757,553,554,2745
2737,2740,2761,2756
2735,2747,2767,2755
2769,2753,2734,2749
2740,302,301,2761
2764,2757,2745,2748
2741,2751,2771,2759
2742,2755,2773,2758
2753,2774,2762,2738
2768,2764,2748,2750
553,2757,2766,552
2750,2752,2770,2768
2743,2758,2775,2760
2746,2760,2779,2765
2776,2763,2754,2756
2757,2764,2772,2766
2747,2763,2782,2767
2752,2759,2781,2770
2771,2751,2762,2777
2749,2765,2783,2769
2756,2761,2784,2776
2778,552,2766,2772
2755,2767,2785,2773
2786,2774,2753,2769
2768,2780,2772,2764
2758,2773,2788,2775
2761,301,300,2784
2759,2771,2790,2781
2770,2787,2780,2768
2760,2775,2791,2779
2778,2789,551,552
2774,2795,2777,2762
2763,2776,2793,2782
2765,2779,2794,2783
2780,2792,2778,2772
2767,2782,2797,2785
2769,2783,2798,2786
2770,2781,2799,2787
2790,2771,2777,2795
2773,2785,2801,2788
2776,2784,2802,2793
551,2789,2796,562
2792,2800,2789,2778
2775,2788,2803,2791
2806,2795,2774,2786
2787,2804,2792,2780
2779,2791,2807,2794
2782,2793,2808,2797
2781,2790,2809,2799
2784,300,299,2802
2783,2794,2810,2798
2789,2800,2805,2796
2785,2797,2812,2801
2787,2799,2815,2804
2811,562,2796,2805
2804,2813,2800,2792
2817,2806,2786,2798
2788,2801,2814,2803
2790,2795,2816,2809
2793,2802,2818,2808
2791,2803,2819,2807
2794,2807,2821,2810
2813,2820,2805,2800
2797,2808,2822,2812
2811,2823,561,562
2824,2816,2795,2806
2799,2809,2826,2815
2802,299,298,2818
2817,2798,2810,2831
2801,2812,2827,2814
2815,2825,2813,2804
2820,2829,2811,2805
2803,2814,2830,2819
2807,2819,2832,2821
2808,2818,2833,2822
2834,2824,2806,2817
2809,2816,2835,2826
2825,2836,2820,2813
2823,2840,560,561
2822,2837,2828,2812
2831,2810,2821,2843
2826,2838,2825,2815
2829,2841,2823,2811
2827,2812,2828,2839
2814,2827,2842,2830
2844,2835,2816,2824
2818,298,341,2833
2819,2830,2845,2832
2836,2846,2829,2820
2834,2817,2831,2850
2822,2833,2847,2837
2835,2848,2838,2826
2836,2825,2838,2849
2821,2832,2856,2843
2837,2851,2839,2828
2853,2844,2824,2834
2841,2852,2840,2823
2827,2839,2854,2842
559,560,2840,2855
2830,2842,2857,2845
2841,2829,2846,2861
2833,341,340,2847
2844,2858,2848,2835
2850,2831,2843,2865
2846,2836,2849,2859
2866,2856,2832,2845
2849,2838,2848,2860
2837,2847,2862,2851
2839,2851,2863,2854
2855,2840,2852,2864
2842,2854,2867,2857
2853,2834,2850,2882
571,559,2855,2868
2853,2869,2858,2844
2852,2841,2861,2879
2843,2856,2875,2865
2872,2866,2845,2857
2859,2870,2861,2846
2860,2848,2858,2871
2847,340,339,2862
2859,2849,2860,2873
2851,2862,2876,2863
2854,2863,2878,2867
2868,2855,2864,2877
2852,2879,2874,2864
2883,2872,2857,2867
2885,2875,2856,2866
571,2868,2881,570
2882,2850,2865,2888
2859,2873,2880,2870
2871,2858,2869,2886
2870,2884,2879,2861
2882,2894,2869,2853
2873,2860,2871,2890
2862,339,338,2876
2887,2877,2864,2874
2863,2876,2889,2878
2893,2885,2866,2872
2892,2883,2867,2878
2865,2875,2895,2888
2891,2884,2870,2880
2877,2899,2881,2868
2896,2887,2874,2879
2897,2891,2880,2873
569,570,2881,2899
2890,2871,2886,2903
2900,2893,2872,2883
2895,2875,2885,2898
2876,338,349,2889
2869,2894,2906,2886
2896,2879,2884,2902
2901,2892,2878,2889
2897,2873,2890,2908
2899,2877,2887,2904
2907,2900,2883,2892
2902,2884,2891,2909
2893,2910,2898,2885
2888,2913,2917,2882
2904,2887,2896,2914
348,2901,2889,349
2888,2895,2911,2913
2894,2882,2917,2918
2911,2895,2898,2910
2901,2912,2905,2892
2909,2891,2897,2919
2915,2910,2893,2900
2908,2890,2903,2921
2907,2892,2905,2916
568,569,2899,2925
2902,2920,2914,2896
2903,2886,2906,2946
2923,2915,2900,2907
347,2912,2901,348
2919,2897,2908,2930
2925,2899,2904,2928
2918,2946,2906,2894
2912,2924,2916,2905
2909,2929,2920,2902
2907,2916,2926,2923
2938,2921,2903,2922
2928,2904,2914,2936
2910,2927,2932,2911
2931,2927,2910,2915
346,2924,2912,347
2911,2932,2939,2913
2919,2941,2929,2909
568,2925,2934,567
2903,2946,2937,2922
2933,2926,2916,2924
2930,2908,2921,2944
2935,2931,2915,2923
2913,2939,2945,2917
2920,2942,2936,2914
2923,2926,2940,2935
2917,2945,2950,2918
358,2933,2924,346
2929,2953,2942,2920
2941,2919,2930,2957
2943,2940,2926,2933
2937,2959,2938,2922
2921,2938,2962,2944
2949,2952,2927,2931
2948,2949,2931,2935
573,2925,2928,574
357,2943,2933,358
573,572,2934,2925
2935,2940,2947,2948
2965,2932,2927,2952
572,593,567,2934
574,2928,2936,575
2950,2975,2946,2918
2941,2969,2953,2929
2955,2956,2940,2943
357,356,2951,2943
2956,2961,2947,2940
2970,2939,2932,2965
2957,2930,2944,2971
2955,2943,2951,2954
575,2936,2942,576
2973,2959,2937,2946
356,355,2954,2951
2964,2948,2947,2961
2954,355,354,2958
2955,2954,2958,2960
2958,354,369,370
2964,2967,2949,2948
2960,2963,2956,2955
2960,2958,370,371
371,372,2963,2960
2976,2945,2939,2970
2961,2956,2963,2966
2959,2979,2962,2938
2967,2974,2952,2949
2966,2963,372,373
2964,2961,2966,2968
2969,2941,2957,2977
576,2942,2953,494
2978,2950,2945,2976
2971,2944,2962,2979
2968,2966,373,374
2964,2968,2972,2967
2980,2965,2952,2974
2946,2975,2982,2973
2968,374,380,2972
494,2953,2969,495
2977,2957,2971,2983
381,2967,2972,380
2978,2987,2975,2950
2985,2970,2965,2980
2973,2986,2979,2959
2974,2967,2981,2984
495,2969,2977,496
381,382,2981,2967
2988,2976,2970,2985
2979,2990,2983,2971
2974,2984,2989,2980
2986,2973,2982,2992
2987,2992,2982,2975
2991,2978,2976,2988
496,2977,2983,497
383,2984,2981,382
2980,2989,2994,2985
2991,2993,2987,2978
2986,2995,2990,2979
2984,383,384,2989
2990,470,497,2983
2985,2994,2997,2988
2993,2996,2992,2987
2992,2999,2995,2986
2988,2997,3001,2991
2989,384,385,2994
2995,471,470,2990
2991,3001,2998,2993
2996,2993,2998,3000
2996,3005,2999,2992
2994,385,386,2997
2999,3010,3003,2995
3000,3009,3004,2996
3006,3000,2998,3001
3007,3001,2997,3002
471,2995,3003,472
3005,2996,3004,3011
2997,386,3008,3002
3010,2999,3005,3015
3013,3006,3001,3007
3009,3000,3006,3014
3012,3007,3002,3008
3016,3011,3004,3009
473,472,3003,3010
3005,3011,3017,3015
387,3012,3008,386
3018,3013,3007,3012
3014,3006,3013,3019
3016,3009,3014,3020
3017,3011,3016,3021
473,3010,3015,364
388,3018,3012,387
3019,3013,3018,3022
3025,3015,3017,3021
3020,3014,3019,3024
3016,3020,3025,3021
364,3015,3023,365
3022,3018,388,389
3025,3027,3023,3015
3024,3019,3022,3026
3024,3028,3025,3020
3026,3022,389,390
366,365,3023,3027
3026,3029,3028,3024
3028,3030,3027,3025
3029,3026,390,391
366,3027,3030,367
3029,3031,3030,3028
3031,3029,391,392
367,3030,3031,368
368,3031,392,398
369,375,3032,370
375,376,3033,3032
3032,3033,371,370
377,3034,3033,376
3034,372,371,3033
377,378,3035,3034
372,3034,3036,373
3038,3034,3035,3037
3038,3039,3036,3034
378,379,3037,3035
374,373,3036,3039
3038,3037,3040,3041
3042,3037,379,474
3044,380,374,3039
3045,3039,3038,3041
3042,3043,3040,3037
3048,3041,3040,3043
3039,3045,3049,3044
474,475,3047,3042
380,3044,3046,381
3043,3042,3047,3050
3041,3048,3051,3045
3049,3052,3046,3044
475,476,3053,3047
3048,3043,3050,3055
3054,381,3046,3052
3045,3051,3056,3049
3047,3053,3057,3050
3061,382,381,3054
3048,3055,3058,3051
3060,3052,3049,3056
3050,3057,3059,3055
476,477,3064,3053
3051,3058,3063,3056
3068,3054,3052,3060
3053,3064,3062,3057
3069,383,382,3061
3055,3059,3067,3058
3059,3057,3062,3066
3060,3056,3065,3070
3063,3072,3065,3056
3077,3061,3054,3068
477,498,3073,3064
3058,3067,3074,3063
3075,384,383,3069
3071,3066,3062,3064
3076,3067,3059,3066
3068,3060,3070,3079
3083,3069,3061,3077
385,384,3075,3078
498,499,3080,3073
3064,3073,3081,3071
3085,3070,3065,3072
3072,3063,3074,3087
3082,3076,3066,3071
3084,3074,3067,3076
3086,3075,3069,3083
3079,3090,3077,3068
386,385,3078,3088
499,500,3089,3080
3086,3088,3078,3075
3073,3080,3093,3081
3098,3079,3070,3085
3071,3081,3094,3082
3087,3074,3084,3092
3095,3084,3076,3082
3085,3072,3087,3100
386,3088,3091,387
3083,3077,3090,3104
500,501,3105,3089
3099,3086,3083,3104
3097,3088,3086,3099
387,3091,3096,388
3080,3089,3113,3093
3091,3088,3097,3102
3081,3093,3116,3094
3082,3094,3119,3095
3095,3121,3092,3084
389,388,3096,3101
501,588,3117,3105
3100,3087,3092,3121
3096,3091,3102,3112
3085,3100,3127,3098
390,389,3101,3103
3101,3096,3112,3109
391,390,3103,3106
3103,3101,3109,3108
3106,3103,3108,3107
392,391,3106,3107
3107,397,398,392
3115,3112,3102,3097
3126,3090,3079,3137
396,397,3107,3110
3107,3108,3111,3110
588,589,3129,3117
3111,395,396,3110
3089,3105,3128,3113
3108,3109,3114,3111
3115,3097,3099,3123
3079,3098,3131,3137
3090,3126,3122,3104
3111,3114,394,395
3118,3114,3109,3112
3093,3113,3135,3116
3123,3099,3104,3134
3132,3129,589,590
3114,3118,3120,394
3124,3118,3112,3115
3094,3116,3136,3119
3130,3132,590,591
591,592,3133,3130
3095,3119,3139,3121
592,582,583,3133
393,394,3120,3125
3124,3125,3120,3118
3105,3117,3140,3128
3142,3127,3100,3121
3134,3104,3122,3144
3131,3098,3127,3146
3138,413,393,3125
3113,3128,3148,3135
3143,3141,3124,3115
3115,3123,3145,3143
3141,3138,3125,3124
3116,3135,3151,3136
3117,3129,3156,3140
3126,3155,3144,3122
3131,3155,3126,3137
3119,3136,3153,3139
3123,3134,3152,3145
3130,3149,3147,3132
3121,3139,3158,3142
3129,3132,3147,3156
3150,412,413,3138
3130,3133,3154,3149
3128,3140,3160,3148
3162,3146,3127,3142
3133,583,584,3154
3157,3150,3138,3141
3134,3144,3164,3152
3135,3148,3166,3151
3146,3167,3155,3131
3161,3157,3141,3143
412,3150,3159,411
3143,3145,3163,3161
3136,3151,3168,3153
3139,3153,3172,3158
3169,3156,3147,3149
3150,3157,3165,3159
3140,3156,3175,3160
3145,3152,3174,3163
3164,3144,3155,3170
3142,3158,3176,3162
3149,3154,3177,3169
3171,411,3159,3165
3148,3160,3178,3166
3179,3167,3146,3162
3161,3173,3165,3157
3151,3166,3181,3168
3154,584,585,3177
3152,3164,3183,3174
3163,3180,3173,3161
3153,3168,3184,3172
3171,3182,410,411
3167,3188,3170,3155
3156,3169,3186,3175
3158,3172,3187,3176
3173,3185,3171,3165
3160,3175,3190,3178
3162,3176,3191,3179
3163,3174,3192,3180
3183,3164,3170,3188
3166,3178,3194,3181
3169,3177,3195,3186
410,3182,3189,421
3185,3193,3182,3171
3168,3181,3196,3184
3199,3188,3167,3179
3180,3197,3185,3173
3172,3184,3200,3187
3175,3186,3201,3190
3174,3183,3202,3192
3177,585,586,3195
3176,3187,3203,3191
3182,3193,3198,3189
3178,3190,3205,3194
3180,3192,3208,3197
3204,421,3189,3198
3197,3206,3193,3185
3210,3199,3179,3191
3181,3194,3207,3196
3183,3188,3209,3202
3186,3195,3211,3201
3184,3196,3212,3200
3187,3200,3214,3203
3206,3213,3198,3193
3190,3201,3215,3205
3204,3216,420,421
3217,3209,3188,3199
3192,3202,3219,3208
3195,586,587,3211
3210,3191,3203,3224
3194,3205,3220,3207
3208,3218,3206,3197
3213,3222,3204,3198
3196,3207,3223,3212
3200,3212,3225,3214
3201,3211,3226,3215
3227,3217,3199,3210
3202,3209,3228,3219
3218,3229,3213,3206
3216,3233,419,420
3215,3230,3221,3205
3224,3203,3214,3236
3219,3231,3218,3208
3222,3234,3216,3204
3220,3205,3221,3232
3207,3220,3235,3223
3237,3228,3209,3217
3211,587,623,3226
3212,3223,3238,3225
3229,3239,3222,3213
3227,3210,3224,3243
3215,3226,3240,3230
3228,3241,3231,3219
3229,3218,3231,3242
3214,3225,3249,3236
3230,3244,3232,3221
3246,3237,3217,3227
3234,3245,3233,3216
3220,3232,3247,3235
418,419,3233,3248
3223,3235,3250,3238
3234,3222,3239,3254
3226,623,624,3240
3237,3251,3241,3228
3243,3224,3236,3258
3239,3229,3242,3252
3259,3249,3225,3238
3242,3231,3241,3253
3230,3240,3255,3244
3232,3244,3256,3247
3248,3233,3245,3257
3235,3247,3260,3250
3246,3227,3243,3275
431,418,3248,3261
3246,3262,3251,3237
3245,3234,3254,3272
3236,3249,3268,3258
3265,3259,3238,3250
3252,3263,3254,3239
3253,3241,3251,3264
3240,624,625,3255
3252,3242,3253,3266
3244,3255,3269,3256
3247,3256,3271,3260
3261,3248,3257,3270
3245,3272,3267,3257
3276,3265,3250,3260
3278,3268,3249,3259
431,3261,3274,430
3275,3243,3258,3281
3252,3266,3273,3263
3264,3251,3262,3279
3263,3277,3272,3254
3275,3287,3262,3246
3266,3253,3264,3283
3255,625,626,3269
3280,3270,3257,3267
3256,3269,3282,3271
3286,3278,3259,3265
3285,3276,3260,3271
3258,3268,3288,3281
3284,3277,3263,3273
3270,3292,3274,3261
3289,3280,3267,3272
3290,3284,3273,3266
429,430,3274,3292
3283,3264,3279,3296
3293,3286,3265,3276
3288,3268,3278,3291
3269,626,631,3282
3262,3287,3299,3279
3289,3272,3277,3295
3294,3285,3271,3282
3290,3266,3283,3301
3292,3270,3280,3297
3300,3293,3276,3285
3295,3277,3284,3302
3286,3303,3291,3278
3281,3306,3310,3275
3297,3280,3289,3307
632,3294,3282,631
3281,3288,3304,3306
3287,3275,3310,3311
3304,3288,3291,3303
3294,3305,3298,3285
3302,3284,3290,3312
3308,3303,3286,3293
3301,3283,3296,3314
3300,3285,3298,3309
428,429,3292,3318
3295,3313,3307,3289
3296,3279,3299,3339
3316,3308,3293,3300
633,3305,3294,632
3312,3290,3301,3323
3318,3292,3297,3321
3311,3339,3299,3287
3305,3317,3309,3298
3302,3322,3313,3295
3300,3309,3319,3316
3331,3314,3296,3315
3321,3297,3307,3329
3303,3320,3325,3304
3324,3320,3303,3308
634,3317,3305,633
3304,3325,3332,3306
3312,3334,3322,3302
428,3318,3327,427
3296,3339,3330,3315
3326,3319,3309,3317
3323,3301,3314,3337
3328,3324,3308,3316
3306,3332,3338,3310
3313,3335,3329,3307
3316,3319,3333,3328
3310,3338,3343,3311
640,3326,3317,634
3322,3346,3335,3313
3334,3312,3323,3350
3336,3333,3319,3326
3330,3352,3331,3315
3314,3331,3355,3337
3342,3345,3320,3324
3341,3342,3324,3328
439,3318,3321,440
641,3336,3326,640
439,438,3327,3318
3328,3333,3340,3341
3358,3325,3320,3345
438,432,427,3327
440,3321,3329,441
3343,3368,3339,3311
3334,3362,3346,3322
3348,3349,3333,3336
641,642,3344,3336
3349,3354,3340,3333
3363,3332,3325,3358
3350,3323,3337,3364
3348,3336,3344,3347
441,3329,3335,442
3366,3352,3330,3339
642,643,3347,3344
3357,3341,3340,3354
3347,643,644,3351
3348,3347,3351,3353
3351,644,639,645
3357,3360,3342,3341
3353,3356,3349,3348
3353,3351,645,646
646,647,3356,3353
3369,3338,3332,3363
3354,3349,3356,3359
3352,3372,3355,3331
3360,3367,3345,3342
3359,3356,647,648
3357,3354,3359,3361
3362,3334,3350,3370
442,3335,3346,482
3371,3343,3338,3369
3364,3337,3355,3372
3361,3359,648,649
3357,3361,3365,3360
3373,3358,3345,3367
3339,3368,3375,3366
3361,649,650,3365
482,3346,3362,483
3370,3350,3364,3376
651,3360,3365,650
3371,3380,3368,3343
3378,3363,3358,3373
3366,3379,3372,3352
3367,3360,3374,3377
483,3362,3370,484
651,652,3374,3360
3381,3369,3363,3378
3372,3383,3376,3364
3367,3377,3382,3373
3379,3366,3375,3385
3380,3385,3375,3368
3384,3371,3369,3381
484,3370,3376,485
653,3377,3374,652
3373,3382,3387,3378
3384,3386,3380,3371
3379,3388,3383,3372
3377,653,654,3382
3383,506,485,3376
3378,3387,3390,3381
3386,3389,3385,3380
3385,3392,3388,3379
3381,3390,3394,3384
3382,654,655,3387
3388,507,506,3383
3384,3394,3391,3386
3389,3386,3391,3393
3389,3398,3392,3385
3387,655,656,3390
3392,3403,3396,3388
3393,3402,3397,3389
3399,3393,3391,3394
3400,3394,3390,3395
507,3388,3396,508
3398,3389,3397,3404
3390,656,3401,3395
3403,3392,3398,3408
3406,3399,3394,3400
3402,3393,3399,3407
3405,3400,3395,3401
3409,3404,3397,3402
509,508,3396,3403
3398,3404,3410,3408
657,3405,3401,656
3411,3406,3400,3405
3407,3399,3406,3412
3409,3402,3407,3413
3410,3404,3409,3414
509,3403,3408,669
658,3411,3405,657
3412,3406,3411,3415
3418,3408,3410,3414
3413,3407,3412,3417
3409,3413,3418,3414
669,3408,3416,670
3415,3411,658,659
3418,3420,3416,3408
3417,3412,3415,3419
3417,3421,3418,3413
3419,3415,659,660
671,670,3416,3420
3419,3422,3421,3417
3421,3423,3420,3418
3422,3419,660,661
671,3420,3423,672
3422,3424,3423,3421
3424,3422,661,662
672,3423,3424,673
673,3424,662,663
426,274,3425,273
274,275,3426,3425
3425,3426,272,273
276,3427,3426,275
3427,271,272,3426
276,277,3428,3427
271,3427,3429,270
3431,3427,3428,3430
3431,3432,3429,3427
277,278,3430,3428
269,270,3429,3432
3431,3430,3433,3434
3435,3430,278,205
3437,282,269,3432
3438,3432,3431,3434
3435,3436,3433,3430
3441,3434,3433,3436
3432,3438,3442,3437
205,206,3440,3435
282,3437,3439,281
3436,3435,3440,3443
3434,3441,3444,3438
3442,3445,3439,3437
206,207,3446,3440
3441,3436,3443,3448
3447,281,3439,3445
3438,3444,3449,3442
3440,3446,3450,3443
3454,280,281,3447
3441,3448,3451,3444
3453,3445,3442,3449
3443,3450,3452,3448
207,208,3457,3446
3444,3451,3456,3449
3461,3447,3445,3453
3446,3457,3455,3450
3462,279,280,3454
3448,3452,3460,3451
3452,3450,3455,3459
3453,3449,3458,3463
3456,3465,3458,3449
3470,3454,3447,3461
208,181,3466,3457
3451,3460,3467,3456
3468,286,279,3462
3464,3459,3455,3457
3469,3460,3452,3459
3461,3453,3463,3472
3476,3462,3454,3470
285,286,3468,3471
181,182,3473,3466
3457,3466,3474,3464
3478,3463,3458,3465
3465,3456,3467,3480
3475,3469,3459,3464
3477,3467,3460,3469
3479,3468,3462,3476
3472,3483,3470,3461
284,285,3471,3481
182,183,3482,3473
3479,3481,3471,3468
3466,3473,3486,3474
3491,3472,3463,3478
3464,3474,3487,3475
3480,3467,3477,3485
3488,3477,3469,3475
3478,3465,3480,3493
284,3481,3484,283
3476,3470,3483,3497
183,184,3498,3482
3492,3479,3476,3497
3490,3481,3479,3492
283,3484,3489,291
3473,3482,3506,3486
3484,3481,3490,3495
3474,3486,3509,3487
3475,3487,3512,3488
3488,3514,3485,3477
290,291,3489,3494
184,130,3510,3498
3493,3480,3485,3514
3489,3484,3495,3505
3478,3493,3520,3491
289,290,3494,3496
3494,3489,3505,3502
288,289,3496,3499
3496,3494,3502,3501
3499,3496,3501,3500
287,288,3499,3500
3500,427,432,287
3508,3505,3495,3490
3519,3483,3472,3530
428,427,3500,3503
3500,3501,3504,3503
130,131,3522,3510
3504,429,428,3503
3482,3498,3521,3506
3501,3502,3507,3504
3508,3490,3492,3516
3472,3491,3524,3530
3483,3519,3515,3497
3504,3507,430,429
3511,3507,3502,3505
3486,3506,3528,3509
3516,3492,3497,3527
3525,3522,131,132
3507,3511,3513,430
3517,3511,3505,3508
3487,3509,3529,3512
3523,3525,132,133
133,134,3526,3523
3488,3512,3532,3514
134,124,125,3526
431,430,3513,3518
3517,3518,3513,3511
3498,3510,3533,3521
3535,3520,3493,3514
3527,3497,3515,3537
3524,3491,3520,3539
3531,418,431,3518
3506,3521,3541,3528
3536,3534,3517,3508
3508,3516,3538,3536
3534,3531,3518,3517
3509,3528,3544,3529
3510,3522,3549,3533
3519,3548,3537,3515
3524,3548,3519,3530
3512,3529,3546,3532
3516,3527,3545,3538
3523,3542,3540,3525
3514,3532,3551,3535
3522,3525,3540,3549
3543,419,418,3531
3523,3526,3547,3542
3521,3533,3553,3541
3555,3539,3520,3535
3526,125,126,3547
3550,3543,3531,3534
3527,3537,3557,3545
3528,3541,3559,3544
3539,3560,3548,3524
3554,3550,3534,3536
419,3543,3552,420
3536,3538,3556,3554
3529,3544,3561,3546
3532,3546,3565,3551
3562,3549,3540,3542
3543,3550,3558,3552
3533,3549,3568,3553
3538,3545,3567,3556
3557,3537,3548,3563
3535,3551,3569,3555
3542,3547,3570,3562
3564,420,3552,3558
3541,3553,3571,3559
3572,3560,3539,3555
3554,3566,3558,3550
3544,3559,3574,3561
3547,126,127,3570
3545,3557,3576,3567
3556,3573,3566,3554
3546,3561,3577,3565
3564,3575,421,420
3560,3581,3563,3548
3549,3562,3579,3568
3551,3565,3580,3569
3566,3578,3564,3558
3553,3568,3583,3571
3555,3569,3584,3572
3556,3567,3585,3573
3576,3557,3563,3581
3559,3571,3587,3574
3562,3570,3588,3579
421,3575,3582,410
3578,3586,3575,3564
3561,3574,3589,3577
3592,3581,3560,3572
3573,3590,3578,3566
3565,3577,3593,3580
3568,3579,3594,3583
3567,3576,3595,3585
3570,127,128,3588
3569,3580,3596,3584
3575,3586,3591,3582
3571,3583,3598,3587
3573,3585,3601,3590
3597,410,3582,3591
3590,3599,3586,3578
3603,3592,3572,3584
3574,3587,3600,3589
3576,3581,3602,3595
3579,3588,3604,3594
3577,3589,3605,3593
3580,3593,3607,3596
3599,3606,3591,3586
3583,3594,3608,3598
3597,3609,411,410
3610,3602,3581,3592
3585,3595,3612,3601
3588,128,129,3604
3603,3584,3596,3617
3587,3598,3613,3600
3601,3611,3599,3590
3606,3615,3597,3591
3589,3600,3616,3605
3593,3605,3618,3607
3594,3604,3619,3608
3620,3610,3592,3603
3595,3602,3621,3612
3611,3622,3606,3599
3609,3626,412,411
3608,3623,3614,3598
3617,3596,3607,3629
3612,3624,3611,3601
3615,3627,3609,3597
3613,3598,3614,3625
3600,3613,3628,3616
3630,3621,3602,3610
3604,129,116,3619
3605,3616,3631,3618
3622,3632,3615,3606
3620,3603,3617,3636
3608,3619,3633,3623
3621,3634,3624,3612
3622,3611,3624,3635
3607,3618,3642,3629
3623,3637,3625,3614
3639,3630,3610,3620
3627,3638,3626,3609
3613,3625,3640,3628
413,412,3626,3641
3616,3628,3643,3631
3627,3615,3632,3647
3619,116,117,3633
3630,3644,3634,3621
3636,3617,3629,3651
3632,3622,3635,3645
3652,3642,3618,3631
3635,3624,3634,3646
3623,3633,3648,3637
3625,3637,3649,3640
3641,3626,3638,3650
3628,3640,3653,3643
3639,3620,3636,3668
393,413,3641,3654
3639,3655,3644,3630
3638,3627,3647,3665
3629,3642,3661,3651
3658,3652,3631,3643
3645,3656,3647,3632
3646,3634,3644,3657
3633,117,118,3648
3645,3635,3646,3659
3637,3648,3662,3649
3640,3649,3664,3653
3654,3641,3650,3663
3638,3665,3660,3650
3669,3658,3643,3653
3671,3661,3642,3652
393,3654,3667,394
3668,3636,3651,3674
3645,3659,3666,3656
3657,3644,3655,3672
3656,3670,3665,3647
3668,3680,3655,3639
3659,3646,3657,3676
3648,118,119,3662
3673,3663,3650,3660
3649,3662,3675,3664
3679,3671,3652,3658
3678,3669,3653,3664
3651,3661,3681,3674
3677,3670,3656,3666
3663,3685,3667,3654
3682,3673,3660,3665
3683,3677,3666,3659
395,394,3667,3685
3676,3657,3672,3689
3686,3679,3658,3669
3681,3661,3671,3684
3662,119,108,3675
3655,3680,3692,3672
3682,3665,3670,3688
3687,3678,3664,3675
3683,3659,3676,3694
3685,3663,3673,3690
3693,3686,3669,3678
3688,3670,3677,3695
3679,3696,3684,3671
3674,3699,3703,3668
3690,3673,3682,3700
109,3687,3675,108
3674,3681,3697,3699
3680,3668,3703,3704
3697,3681,3684,3696
3687,3698,3691,3678
3695,3677,3683,3705
3701,3696,3679,3686
3694,3676,3689,3707
3693,3678,3691,3702
396,395,3685,3711
3688,3706,3700,3682
3689,3672,3692,3732
3709,3701,3686,3693
110,3698,3687,109
3705,3683,3694,3716
3711,3685,3690,3714
3704,3732,3692,3680
3698,3710,3702,3691
3695,3715,3706,3688
3693,3702,3712,3709
3724,3707,3689,3708
3714,3690,3700,3722
3696,3713,3718,3697
3717,3713,3696,3701
111,3710,3698,110
3697,3718,3725,3699
3705,3727,3715,3695
396,3711,3720,397
3689,3732,3723,3708
3719,3712,3702,3710
3716,3694,3707,3730
3721,3717,3701,3709
3699,3725,3731,3703
3706,3728,3722,3700
3709,3712,3726,3721
3703,3731,3736,3704
78,3719,3710,111
3715,3739,3728,3706
3727,3705,3716,3743
3729,3726,3712,3719
3723,3745,3724,3708
3707,3724,3748,3730
3735,3738,3713,3717
3734,3735,3717,3721
252,3711,3714,253
79,3729,3719,78
252,251,3720,3711
3721,3726,3733,3734
3751,3718,3713,3738
251,398,397,3720
253,3714,3722,254
3736,3761,3732,3704
3727,3755,3739,3715
3741,3742,3726,3729
79,80,3737,3729
3742,3747,3733,3726
3756,3725,3718,3751
3743,3716,3730,3757
3741,3729,3737,3740
254,3722,3728,255
3759,3745,3723,3732
80,81,3740,3737
3750,3734,3733,3747
3740,81,82,3744
3741,3740,3744,3746
3744,82,72,77
3750,3753,3735,3734
3746,3749,3742,3741
3746,3744,77,76
76,75,3749,3746
3762,3731,3725,3756
3747,3742,3749,3752
3745,3765,3748,3724
3753,3760,3738,3735
3752,3749,75,74
3750,3747,3752,3754
3755,3727,3743,3763
255,3728,3739,201
3764,3736,3731,3762
3757,3730,3748,3765
3754,3752,74,73
3750,3754,3758,3753
3766,3751,3738,3760
3732,3761,3768,3759
3754,73,86,3758
201,3739,3755,202
3763,3743,3757,3769
85,3753,3758,86
3764,3773,3761,3736
3771,3756,3751,3766
3759,3772,3765,3745
3760,3753,3767,3770
202,3755,3763,203
85,84,3767,3753
3774,3762,3756,3771
3765,3776,3769,3757
3760,3770,3775,3766
3772,3759,3768,3778
3773,3778,3768,3761
3777,3764,3762,3774
203,3763,3769,204
83,3770,3767,84
3766,3775,3780,3771
3777,3779,3773,3764
3772,3781,3776,3765
3770,83,90,3775
3776,177,204,3769
3771,3780,3783,3774
3779,3782,3778,3773
3778,3785,3781,3772
3774,3783,3787,3777
3775,90,89,3780
3781,178,177,3776
3777,3787,3784,3779
3782,3779,3784,3786
3782,3791,3785,3778
3780,89,88,3783
3785,3796,3789,3781
3786,3795,3790,3782
3792,3786,3784,3787
3793,3787,3783,3788
178,3781,3789,179
3791,3782,3790,3797
3783,88,3794,3788
3796,3785,3791,3801
3799,3792,3787,3793
3795,3786,3792,3800
3798,3793,3788,3794
3802,3797,3790,3795
180,179,3789,3796
3791,3797,3803,3801
87,3798,3794,88
3804,3799,3793,3798
3800,3792,3799,3805
3802,3795,3800,3806
3803,3797,3802,3807
180,3796,3801,102
95,3804,3798,87
3805,3799,3804,3808
3811,3801,3803,3807
3806,3800,3805,3810
3802,3806,3811,3807
102,3801,3809,103
3808,3804,95,94
3811,3813,3809,3801
3810,3805,3808,3812
3810,3814,3811,3806
3812,3808,94,93
104,103,3809,3813
3812,3815,3814,3810
3814,3816,3813,3811
3815,3812,93,92
104,3813,3816,105
3815,3817,3816,3814
3817,3815,92,91
105,3816,3817,106
106,3817,91,96
